Range,Distances,Proportion
Street,1,0.0
City,25,0.00042740750634433016
Region,250,0.04827033524776279
Country,750,0.31569386937358085
Continent,2500,0.7472685989047683
