Range,Distances,Proportion
Street,1,1.780848752515449e-05
City,25,0.0005342546257546347
Region,250,0.05470767367727459
Country,750,0.33008031627873846
Continent,2500,0.728064395490891
