Range,Distances,Proportion
Street,1,0.0
City,25,0.0004274037006037077
Region,250,0.04241981728491799
Country,750,0.29150713229925385
Continent,2500,0.7177176642387763
