Range,Distances,Proportion
Street,1,0.0
City,25,0.00023151033782700835
Region,250,0.012572792192759068
Country,750,0.12590600680284222
Continent,2500,0.4781222730753477
