Range,Distances,Proportion
Street,1,0.0
City,25,0.0001780848752515449
Region,250,0.014353640945274517
Country,750,0.11730450732819261
Continent,2500,0.4155966733745303
