Range,Distances,Proportion
Street,1,0.0
City,25,0.0
Region,250,0.00010685092515092693
Country,750,0.001531529927163286
Continent,2500,0.04575000445212188
