Range,Distances,Proportion
Street,1,0.0
City,25,0.00037397823802824427
Region,250,0.05018431784588535
Country,750,0.31293074279201466
Continent,2500,0.7378946806047763
