Range,Distances,Proportion
Street,1,0.0
City,25,0.0005698716008049437
Region,250,0.05659537335494096
Country,750,0.332680355457411
Continent,2500,0.744786565277011
