Range,Distances,Proportion
Street,1,0.0
City,25,0.0005876800883300982
Region,250,0.05857211547023311
Country,750,0.3426709169590227
Continent,2500,0.7439139493882785
