Range,Distances,Proportion
Street,1,0.0
City,25,0.00019589336277669938
Region,250,0.015493384146884405
Country,750,0.09493704699659858
Continent,2500,0.3181308211493598
