Range,Distances,Proportion
Street,1,0.0
City,25,7.123395010061796e-05
Region,250,0.00785354299859313
Country,750,0.06295300340142111
Continent,2500,0.2747315370505583
