Range,Distances,Proportion
Street,1,0.0
City,25,0.0
Region,250,0.009937136039036204
Country,750,0.06699553006963119
Continent,2500,0.28180150659804465
