Range,Distances,Proportion
Street,1,0.0
City,25,0.00014246790020123592
Region,250,0.012038537567004435
Country,750,0.07746692073442203
Continent,2500,0.3068936655209873
