Range,Distances,Proportion
Street,1,0.0
City,25,0.0004274037006037077
Region,250,0.03935675743059142
Country,750,0.2735561768738981
Continent,2500,0.6995886239381689
