Range,Distances,Proportion
Street,1,0.0
City,25,0.0005876800883300982
Region,250,0.04416504906238313
Country,750,0.28491799191494666
Continent,2500,0.7325165173721796
