Range,Distances,Proportion
Street,1,0.0
City,25,0.0005164461382294802
Region,250,0.045607536551920645
Country,750,0.30854985486082664
Continent,2500,0.7301123715562837
