Range,Distances,Proportion
Street,1,0.0
City,25,0.0004630206756540167
Region,250,0.051324061047495234
Country,750,0.3241144729578117
Continent,2500,0.7370220647160437
