Range,Distances,Proportion
Street,1,0.0
City,25,0.00019589336277669938
Region,250,0.015422150196783788
Country,750,0.1329581678628034
Continent,2500,0.4791551653518067
