Range,Distances,Proportion
Street,1,0.0
City,25,0.0
Region,250,0.007639841148291276
Country,750,0.06293519491389596
Continent,2500,0.27710006589140385
