Range,Distances,Proportion
Street,1,0.0
City,25,0.0
Region,250,0.009848093601410432
Country,750,0.07627375207023668
Continent,2500,0.28812351966947447
