Range,Distances,Proportion
Street,1,0.0
City,25,0.00026712969146520634
Region,250,0.027995191665553625
Country,750,0.2086817149726192
Continent,2500,0.6345131561373046
