Range,Distances,Proportion
Street,1,0.0
City,25,0.00028493580040247184
Region,250,0.03590191085071145
Country,750,0.25131337595498016
Continent,2500,0.7045571919576871
