Range,Distances,Proportion
Street,1,0.0
City,25,0.0001602763877263904
Region,250,0.011913878154328353
Country,750,0.09386853774508931
Continent,2500,0.41593503463750825
