Range,Distances,Proportion
Street,1,0.0
City,25,0.00014246790020123592
Region,250,0.01821808273823304
Country,750,0.13947607429700995
Continent,2500,0.5174434135308889
