Range,Distances,Proportion
Street,1,0.0
City,25,0.0015226392413516762
Region,250,0.11531988780552958
Country,750,0.5166288232937091
Continent,2500,0.8484306130626419
