Range,Distances,Proportion
Street,1,0.0
City,25,0.00012465941267608143
Region,250,0.01754136021227717
Country,750,0.1462254910690435
Continent,2500,0.5357327302192225
